epoch,time,train/box_loss,train/cls_loss,train/dfl_loss,metrics/precision(B),metrics/recall(B),metrics/mAP50(B),metrics/mAP50-95(B),val/box_loss,val/cls_loss,val/dfl_loss,lr/pg0,lr/pg1,lr/pg2
1,7.5372,1.61649,4.47329,1.96894,0.00102,0.30208,0.01054,0.00239,1.45513,4.06998,2.40254,6.668e-05,6.668e-05,6.668e-05
2,10.662,1.60707,4.47321,1.93469,0.00327,0.94792,0.27824,0.14292,0.99136,3.6512,1.63361,0.000149733,0.000149733,0.000149733
3,14.3019,1.2279,3.65046,1.52888,0.00333,1,0.52559,0.32286,1.11647,3.21919,1.39282,0.000232456,0.000232456,0.000232456
4,18.7785,1.16764,2.97493,1.3085,0.00352,1,0.54893,0.36353,0.95558,2.88527,1.25965,0.000314849,0.000314849,0.000314849
5,22.7258,1.14436,2.60068,1.25533,0.00363,1,0.54879,0.37209,0.90909,2.80494,1.1811,0.000396911,0.000396911,0.000396911
6,26.4853,1.09271,2.43926,1.22312,0.00347,1,0.52014,0.32785,0.86972,2.81975,1.16021,0.000478644,0.000478644,0.000478644
7,30.3135,1.04063,2.2555,1.16205,0.00339,1,0.57764,0.39537,0.83578,2.69953,1.13968,0.000560047,0.000560047,0.000560047
8,35.0603,1.03518,2.15175,1.18178,0.30014,0.32895,0.63784,0.41353,0.96556,2.4706,1.30896,0.000641119,0.000641119,0.000641119
9,38.6511,1.10543,2.07148,1.22459,0.47911,0.54076,0.41773,0.25241,1.32776,2.7952,1.52957,0.000721862,0.000721862,0.000721862
10,42.4963,1.05269,2.04135,1.18139,0.49074,0.875,0.5799,0.36844,1.19889,2.08634,1.46917,0.000802274,0.000802274,0.000802274
11,47.1494,1.0023,1.91741,1.14244,0.48997,0.95004,0.60555,0.42075,1.10969,1.91748,1.36434,0.000882356,0.000882356,0.000882356
12,51.1532,1.03912,1.86788,1.1724,0.4763,0.97917,0.65033,0.47621,1.07838,1.82073,1.29368,0.000962109,0.000962109,0.000962109
13,54.7777,1.00251,1.88773,1.1483,0.48719,0.91205,0.60881,0.40654,1.1969,1.78644,1.56222,0.00104153,0.00104153,0.00104153
14,58.5376,1.03294,1.80219,1.15351,0.49801,0.84246,0.60575,0.40891,1.04305,2.09023,1.27002,0.00112062,0.00112062,0.00112062
15,62.5776,1.07832,1.85054,1.19819,0.45638,0.87052,0.59045,0.39641,1.16921,2.12036,1.35974,0.00119939,0.00119939,0.00119939
16,66.4339,1.05929,1.86808,1.17542,0.47319,0.88542,0.65642,0.387,1.14041,1.79584,1.4063,0.00127782,0.00127782,0.00127782
17,69.8434,1.09944,1.80084,1.20714,0.4359,0.92708,0.63592,0.43888,1.12915,1.7813,1.32651,0.00135592,0.00135592,0.00135592
18,73.8457,1.12406,1.70572,1.19957,0.46188,0.69575,0.51298,0.33449,1.25081,2.12124,1.44167,0.00143369,0.00143369,0.00143369
19,78.2252,1.15482,1.71239,1.2315,0.42915,0.57549,0.54284,0.35181,1.30484,2.2977,1.45231,0.00151113,0.00151113,0.00151113
20,81.9653,1.04799,1.7254,1.16657,0.35331,0.7612,0.53715,0.33459,1.15211,2.54235,1.39154,0.00158824,0.00158824,0.00158824
21,85.3535,1.0507,1.53473,1.14251,0.77339,0.40625,0.48933,0.29999,1.19059,2.34504,1.48264,0.00160099,0.00160099,0.00160099
22,90.1667,1.04315,1.58434,1.17734,0.38369,0.53125,0.38469,0.2066,1.27455,2.19395,1.51197,0.00159769,0.00159769,0.00159769
23,93.9053,1.08527,1.5214,1.18158,0.70752,0.38228,0.42957,0.26346,1.36985,2.38183,1.5571,0.00159439,0.00159439,0.00159439
24,97.5784,1.04904,1.49817,1.14107,0.50069,0.83333,0.63516,0.44234,1.12625,1.73436,1.35333,0.00159108,0.00159108,0.00159108
25,101.568,1.01646,1.4237,1.17168,0.64265,0.53125,0.59647,0.41216,1.06903,1.70965,1.31039,0.00158778,0.00158778,0.00158778
26,106.357,1.03491,1.39724,1.16715,0.78173,0.34375,0.39074,0.23366,1.40935,4.0763,1.57792,0.00158448,0.00158448,0.00158448
27,109.886,1.09639,1.38958,1.17793,0.71772,0.40987,0.32629,0.22989,1.06738,4.67206,1.35419,0.00158118,0.00158118,0.00158118
28,113.43,0.98222,1.34434,1.12674,0.45436,0.54167,0.48022,0.31539,1.05734,1.93295,1.31312,0.00157788,0.00157788,0.00157788
29,117.38,1.03696,1.29685,1.14946,0.52674,0.55208,0.4847,0.35183,1.06472,1.92161,1.30191,0.00157458,0.00157458,0.00157458
30,121.863,1.00369,1.27164,1.11395,0.69564,0.35417,0.33129,0.21038,1.31594,4.49181,1.41581,0.00157128,0.00157128,0.00157128
31,125.412,0.95297,1.189,1.12864,0.60351,0.22917,0.07028,0.02308,2.8141,6.44998,2.49381,0.00156798,0.00156798,0.00156798
32,129.092,1.02292,1.25554,1.14859,0.3406,0.36543,0.37941,0.25284,1.09105,2.62161,1.26135,0.00156468,0.00156468,0.00156468
33,133.172,0.94697,1.14029,1.10034,0.23059,0.36806,0.32423,0.2031,1.13882,2.8268,1.29692,0.00156138,0.00156138,0.00156138
34,137.132,0.94606,1.20391,1.1229,0.28094,0.64528,0.39902,0.2542,1.19715,1.91881,1.33823,0.00155808,0.00155808,0.00155808
35,140.76,0.97483,1.11932,1.12027,0.27338,0.22917,0.26632,0.13976,1.4326,2.22421,1.51684,0.00155478,0.00155478,0.00155478
36,144.523,0.95435,1.08401,1.0941,0.75548,0.375,0.37179,0.2661,1.02645,2.56729,1.22974,0.00155148,0.00155148,0.00155148
37,149.284,0.98158,1.12416,1.09984,0.28094,0.6875,0.41995,0.28958,1.13925,2.03635,1.32611,0.00154818,0.00154818,0.00154818
38,153.025,1.03257,1.15819,1.13547,0.41238,0.80863,0.50865,0.32094,1.12966,1.5306,1.28514,0.00154488,0.00154488,0.00154488
39,156.518,1.03746,1.07677,1.14512,0.33373,0.83333,0.47434,0.31641,1.10099,1.6408,1.30588,0.00154157,0.00154157,0.00154157
40,161.116,0.99839,1.12134,1.12691,0.58047,0.625,0.58217,0.4101,1.08488,1.63025,1.28277,0.00153827,0.00153827,0.00153827
41,164.982,0.9299,1.00637,1.08072,0.75492,0.41667,0.31136,0.20152,1.17235,2.25897,1.33896,0.00153497,0.00153497,0.00153497
42,168.356,0.98968,1.05581,1.12164,0.54107,0.63542,0.58626,0.41631,1.0468,1.92659,1.29212,0.00153167,0.00153167,0.00153167
43,172.168,0.9808,1.08363,1.10633,0.63269,0.47917,0.37115,0.23209,1.25243,3.50675,1.49775,0.00152837,0.00152837,0.00152837
44,176.752,1.0043,1.09812,1.10532,0.36905,0.41667,0.34401,0.22343,1.09934,3.25419,1.29578,0.00152507,0.00152507,0.00152507
45,180.778,0.92271,1.03287,1.08019,0.51203,0.46875,0.36122,0.23027,1.19874,3.25768,1.33088,0.00152177,0.00152177,0.00152177
46,184.259,0.95054,1.00086,1.1058,0.34863,0.51469,0.41693,0.28218,1.10344,2.62606,1.30632,0.00151847,0.00151847,0.00151847
47,188.509,0.9014,0.98857,1.06775,0.29698,0.57292,0.4069,0.23837,1.35776,3.7846,1.49602,0.00151517,0.00151517,0.00151517
48,192.6,0.87236,0.96011,1.07807,0.42552,0.68246,0.43412,0.2913,1.18636,2.03155,1.34238,0.00151187,0.00151187,0.00151187
49,196.169,0.90963,1.00352,1.09311,0.49012,0.63697,0.6103,0.37793,1.30231,1.85414,1.45767,0.00150857,0.00150857,0.00150857
50,199.74,0.92781,0.96013,1.09108,0.77765,0.5,0.51061,0.3218,1.21107,2.22133,1.37072,0.00150527,0.00150527,0.00150527
51,204.285,0.95535,0.95203,1.12389,0.78596,0.47328,0.49481,0.31702,1.16361,1.91618,1.34339,0.00150197,0.00150197,0.00150197
52,207.977,0.87205,0.86847,1.06972,0.58886,0.5625,0.48021,0.32938,1.01507,1.746,1.2484,0.00149867,0.00149867,0.00149867
53,211.664,0.92592,0.9522,1.07368,0.47314,0.41739,0.37256,0.25845,1.05546,2.28721,1.29985,0.00149537,0.00149537,0.00149537
54,215.515,0.87271,0.88468,1.07585,0.38961,0.5351,0.40178,0.28837,0.99924,2.27487,1.24114,0.00149207,0.00149207,0.00149207
55,219.91,0.95507,0.89495,1.10405,0.58879,0.69792,0.5642,0.38849,1.06571,1.45942,1.3284,0.00148876,0.00148876,0.00148876
56,223.53,0.88611,0.81162,1.06315,0.50796,0.63227,0.53139,0.38354,1.00454,1.65571,1.2278,0.00148546,0.00148546,0.00148546
57,227.288,0.92727,0.87033,1.07097,0.53412,0.63616,0.57534,0.39656,1.05797,1.55376,1.30258,0.00148216,0.00148216,0.00148216
58,231.262,0.92109,0.8326,1.08881,0.57758,0.63542,0.58208,0.39388,1.06384,1.29474,1.27431,0.00147886,0.00147886,0.00147886
59,235.7,0.93525,0.85307,1.10254,0.47994,0.61945,0.49228,0.32118,1.19093,1.63234,1.39239,0.00147556,0.00147556,0.00147556
60,239.41,0.89117,0.93274,1.06302,0.47531,0.60417,0.50696,0.3333,1.11387,1.67259,1.31055,0.00147226,0.00147226,0.00147226
61,243.219,0.91454,0.87861,1.08427,0.76977,0.4375,0.3936,0.26766,1.13991,2.0529,1.30971,0.00146896,0.00146896,0.00146896
62,247.765,0.89079,0.87521,1.07282,0.408,0.51042,0.41465,0.25332,1.21307,1.94171,1.4716,0.00146566,0.00146566,0.00146566
63,251.34,0.88459,0.8241,1.04773,0.55982,0.70833,0.59899,0.40473,1.10953,1.35765,1.36674,0.00146236,0.00146236,0.00146236
64,254.788,0.88801,0.88989,1.07648,0.43578,0.65734,0.43349,0.25674,1.24193,1.75867,1.48241,0.00145906,0.00145906,0.00145906
65,258.719,0.89386,0.83038,1.0477,0.35487,0.7057,0.45027,0.28114,1.2705,1.82369,1.47659,0.00145576,0.00145576,0.00145576
66,263.364,0.90092,0.79532,1.09406,0.65681,0.69792,0.67721,0.44265,1.20089,1.26493,1.44174,0.00145246,0.00145246,0.00145246
67,267.09,0.89515,0.81281,1.07759,0.68097,0.66472,0.66883,0.46113,1.16551,1.14747,1.43405,0.00144916,0.00144916,0.00144916
68,270.639,0.91776,0.88393,1.08628,0.59151,0.86061,0.75078,0.52348,1.13238,1.07864,1.37906,0.00144586,0.00144586,0.00144586
69,275.341,0.87578,0.80052,1.07725,0.65004,0.84173,0.78607,0.5725,1.07486,1.06374,1.27413,0.00144256,0.00144256,0.00144256
70,279.197,0.88427,0.76465,1.04728,0.62814,0.78086,0.71043,0.49885,1.04864,1.21472,1.25151,0.00143925,0.00143925,0.00143925
71,282.921,0.84498,0.76422,1.04868,0.53292,0.85036,0.63319,0.43023,1.10561,1.33351,1.27507,0.00143595,0.00143595,0.00143595
72,286.446,0.87829,0.75192,1.04987,0.42369,0.72085,0.54303,0.36726,1.15645,1.58084,1.41541,0.00143265,0.00143265,0.00143265
73,292.271,0.84238,0.73683,1.03459,0.47388,0.62206,0.53892,0.36677,1.1436,1.54576,1.43173,0.00142935,0.00142935,0.00142935
74,295.817,0.88874,0.74742,1.06034,0.55758,0.63542,0.52185,0.35017,1.14405,1.55082,1.35886,0.00142605,0.00142605,0.00142605
75,299.324,0.87013,0.79756,1.06879,0.52722,0.69086,0.48865,0.31234,1.25074,1.57064,1.45085,0.00142275,0.00142275,0.00142275
76,303.395,0.86403,0.79973,1.07439,0.6647,0.67708,0.56323,0.38322,1.04936,1.49741,1.27158,0.00141945,0.00141945,0.00141945
77,307.203,0.85615,0.72984,1.03159,0.50728,0.66667,0.58825,0.40778,1.04356,1.48631,1.30496,0.00141615,0.00141615,0.00141615
78,310.82,0.8388,0.74951,1.05547,0.61714,0.69792,0.57952,0.36857,1.29251,1.54178,1.512,0.00141285,0.00141285,0.00141285
79,314.274,0.77919,0.72202,1.02714,0.58474,0.71009,0.63544,0.43008,1.17802,1.3094,1.48628,0.00140955,0.00140955,0.00140955
80,318.754,0.84916,0.77348,1.03807,0.57563,0.76042,0.69493,0.42873,1.33049,1.17943,1.60861,0.00140625,0.00140625,0.00140625
81,323.091,0.83784,0.72875,1.04603,0.61268,0.77083,0.72014,0.46958,1.19416,1.15,1.39958,0.00140295,0.00140295,0.00140295
82,326.563,0.7926,0.70982,1.03202,0.59439,0.73679,0.67701,0.47035,1.12707,1.29748,1.34294,0.00139965,0.00139965,0.00139965
83,330.339,0.81188,0.6658,1.03641,0.54252,0.75,0.62669,0.40484,1.20636,1.45898,1.44521,0.00139635,0.00139635,0.00139635
84,334.509,0.843,0.70099,1.06436,0.58083,0.76042,0.62837,0.42026,1.10581,1.49626,1.47574,0.00139305,0.00139305,0.00139305
85,337.925,0.8574,0.68731,1.04685,0.63394,0.66147,0.59917,0.40657,1.07459,1.44738,1.37013,0.00138974,0.00138974,0.00138974
86,341.551,0.8754,0.72013,1.07318,0.62282,0.6285,0.60933,0.41958,1.14684,1.41808,1.36548,0.00138644,0.00138644,0.00138644
87,348.471,0.80416,0.65758,1.01108,0.64555,0.66667,0.64621,0.44797,1.05239,1.36967,1.2832,0.00138314,0.00138314,0.00138314
88,351.956,0.8191,0.72526,1.02026,0.53398,0.73958,0.59161,0.42711,0.98434,1.38971,1.2495,0.00137984,0.00137984,0.00137984
89,355.377,0.81079,0.69046,1.02699,0.50688,0.60644,0.53109,0.3916,0.99324,1.61361,1.2647,0.00137654,0.00137654,0.00137654
90,359.243,0.79614,0.74782,1.04176,0.5481,0.70833,0.52723,0.35073,1.0332,1.58077,1.30217,0.00137324,0.00137324,0.00137324
91,363.364,0.79008,0.67542,1.00403,0.54036,0.71875,0.54672,0.36834,1.05367,1.60263,1.31842,0.00136994,0.00136994,0.00136994
92,366.913,0.8503,0.75385,1.06802,0.59106,0.57455,0.61134,0.44093,0.93526,1.79859,1.25891,0.00136664,0.00136664,0.00136664
93,370.341,0.85014,0.65956,1.03514,0.63321,0.55363,0.56962,0.42419,0.91126,2.07408,1.26121,0.00136334,0.00136334,0.00136334
94,374.177,0.81463,0.68073,1.04509,0.67023,0.58333,0.58366,0.43654,1.04896,2.35653,1.32337,0.00136004,0.00136004,0.00136004
95,378.276,0.84587,0.72285,1.0515,0.60059,0.75,0.68378,0.47284,1.09152,1.69361,1.33117,0.00135674,0.00135674,0.00135674
96,381.979,0.83618,0.72096,1.07033,0.68508,0.8125,0.77471,0.56103,0.98835,1.33873,1.31711,0.00135344,0.00135344,0.00135344
97,385.347,0.7449,0.64478,1.00884,0.58968,0.76042,0.69812,0.49471,1.03344,1.43317,1.29321,0.00135014,0.00135014,0.00135014
98,390.339,0.77032,0.66343,1.03877,0.60326,0.8415,0.79345,0.5847,1.04678,1.30434,1.27349,0.00134684,0.00134684,0.00134684
99,394.315,0.77581,0.65293,1.01941,0.66803,0.79546,0.74034,0.56065,0.95816,1.13934,1.20434,0.00134354,0.00134354,0.00134354
100,398.005,0.77584,0.60475,1.01309,0.58713,0.70282,0.65697,0.4531,1.10294,1.5113,1.34423,0.00134023,0.00134023,0.00134023
101,402.399,0.79373,0.66119,1.04272,0.56751,0.73958,0.64761,0.44487,1.04962,1.39896,1.3327,0.00133693,0.00133693,0.00133693
102,407.899,0.78487,0.66785,1.00158,0.58056,0.77083,0.70849,0.46276,1.21913,1.21335,1.47607,0.00133363,0.00133363,0.00133363
103,411.335,0.72538,0.62869,0.98869,0.71457,0.83333,0.75314,0.47452,1.24427,1.06444,1.54037,0.00133033,0.00133033,0.00133033
104,415.018,0.76383,0.61708,1.02993,0.63139,0.84063,0.69653,0.46388,1.1021,1.21968,1.34482,0.00132703,0.00132703,0.00132703
105,419.872,0.74415,0.60308,1.00523,0.57588,0.79496,0.6673,0.43055,1.20288,1.32983,1.46764,0.00132373,0.00132373,0.00132373
106,423.237,0.73507,0.63188,1.00833,0.62598,0.8551,0.75744,0.4899,1.14092,1.1479,1.4899,0.00132043,0.00132043,0.00132043
107,426.869,0.81109,0.62619,1.04486,0.64387,0.82144,0.76219,0.55061,1.03609,1.30339,1.36877,0.00131713,0.00131713,0.00131713
108,430.594,0.77679,0.61307,1.0185,0.61971,0.80208,0.74677,0.49621,1.1332,1.15751,1.46218,0.00131383,0.00131383,0.00131383
109,435.219,0.78654,0.60795,1.00287,0.55927,0.76042,0.62932,0.44747,1.06677,1.22901,1.36174,0.00131053,0.00131053,0.00131053
110,438.968,0.77415,0.60658,1.03372,0.57115,0.76042,0.61199,0.43909,1.0186,1.35556,1.31476,0.00130723,0.00130723,0.00130723
111,442.387,0.71671,0.60079,0.97542,0.58507,0.73022,0.61069,0.41745,1.0987,1.26324,1.37761,0.00130393,0.00130393,0.00130393
112,446.478,0.73519,0.56902,1.00167,0.45947,0.66667,0.53885,0.37933,1.05646,1.57329,1.38705,0.00130063,0.00130063,0.00130063
113,450.488,0.73437,0.63437,1.00664,0.46065,0.64782,0.53078,0.36149,1.08779,1.59031,1.38907,0.00129733,0.00129733,0.00129733
114,453.958,0.74521,0.58587,1.01915,0.54452,0.66525,0.6214,0.4482,0.96075,1.32078,1.23467,0.00129403,0.00129403,0.00129403
115,457.496,0.76826,0.58949,1.02277,0.57764,0.77567,0.66509,0.48142,0.98173,1.27036,1.27698,0.00129072,0.00129072,0.00129072
116,462.243,0.67963,0.58388,0.97316,0.57751,0.83578,0.68966,0.45223,1.20068,1.1854,1.52118,0.00128742,0.00128742,0.00128742
117,466.296,0.75047,0.61515,1.01422,0.58971,0.70094,0.65156,0.46583,1.10954,1.33751,1.38045,0.00128412,0.00128412,0.00128412
118,469.891,0.74278,0.57537,1.00353,0.62951,0.66561,0.62518,0.4343,1.03263,1.69241,1.2776,0.00128082,0.00128082,0.00128082
119,474.101,0.77155,0.68984,1.04817,0.64365,0.66667,0.63214,0.45861,0.97433,1.57011,1.2558,0.00127752,0.00127752,0.00127752
120,478.741,0.66834,0.54927,0.97726,0.56715,0.6441,0.63672,0.46408,0.98281,1.5565,1.26052,0.00127422,0.00127422,0.00127422
121,482.172,0.759,0.59897,1.00572,0.54829,0.60089,0.62629,0.44366,1.03648,1.6346,1.3167,0.00127092,0.00127092,0.00127092
122,485.786,0.71359,0.55766,0.98368,0.6661,0.59375,0.6011,0.41789,1.08303,1.59959,1.407,0.00126762,0.00126762,0.00126762
123,490.775,0.74066,0.58674,0.9907,0.71783,0.65625,0.66824,0.45772,1.12758,1.36538,1.46461,0.00126432,0.00126432,0.00126432
124,494.566,0.73057,0.58632,1.00435,0.57191,0.8007,0.69863,0.45111,1.25289,1.15817,1.5951,0.00126102,0.00126102,0.00126102
125,498.362,0.77585,0.58276,1.01977,0.47733,0.61458,0.49225,0.32819,1.22258,1.59564,1.55523,0.00125772,0.00125772,0.00125772
126,501.759,0.75794,0.61802,1.00072,0.66203,0.7071,0.64644,0.41664,1.24765,1.28587,1.75684,0.00125442,0.00125442,0.00125442
127,506.841,0.73842,0.56964,1.00884,0.66063,0.74991,0.67298,0.47249,1.10589,1.30985,1.50252,0.00125112,0.00125112,0.00125112
128,510.504,0.734,0.61077,1.00897,0.62097,0.72917,0.60014,0.45295,0.98945,1.70479,1.24942,0.00124782,0.00124782,0.00124782
129,514.153,0.72226,0.58093,0.9814,0.56541,0.69792,0.59619,0.4368,1.00217,1.4121,1.32425,0.00124452,0.00124452,0.00124452
130,518.08,0.71459,0.5328,0.98979,0.64005,0.70798,0.66633,0.51318,0.94393,1.47157,1.26571,0.00124121,0.00124121,0.00124121
131,522.488,0.74062,0.58032,1.00468,0.63923,0.625,0.58539,0.44066,0.91018,2.11254,1.24561,0.00123791,0.00123791,0.00123791
132,526.088,0.70715,0.51581,0.97843,0.59648,0.625,0.55475,0.41016,0.95485,2.1938,1.23249,0.00123461,0.00123461,0.00123461
133,529.839,0.77538,0.6244,1.01712,0.60415,0.72917,0.6546,0.45578,1.04826,1.9251,1.30701,0.00123131,0.00123131,0.00123131
134,534.206,0.68739,0.5568,0.98503,0.56447,0.78804,0.73066,0.50539,1.08692,1.63045,1.34202,0.00122801,0.00122801,0.00122801
135,537.971,0.71308,0.57272,1.01539,0.59976,0.74904,0.75813,0.53332,1.07349,1.79701,1.33099,0.00122471,0.00122471,0.00122471
136,541.544,0.65789,0.51634,0.9642,0.56714,0.74186,0.65719,0.49336,1.05086,1.69767,1.37067,0.00122141,0.00122141,0.00122141
137,545.301,0.67644,0.52677,0.95716,0.74608,0.67103,0.63433,0.43305,1.16007,1.6986,1.38787,0.00121811,0.00121811,0.00121811
138,549.83,0.69468,0.55779,0.99081,0.68628,0.59949,0.48962,0.33664,1.10899,2.25691,1.37482,0.00121481,0.00121481,0.00121481
139,553.727,0.66751,0.49603,0.95921,0.57335,0.63662,0.62529,0.44124,1.07553,2.06619,1.39567,0.00121151,0.00121151,0.00121151
140,557.265,0.7132,0.52719,0.99414,0.62146,0.76631,0.722,0.48755,1.2055,1.53003,1.49149,0.00120821,0.00120821,0.00120821
141,561.21,0.6554,0.49731,0.96156,0.75966,0.6875,0.75771,0.51375,1.16301,1.22093,1.44642,0.00120491,0.00120491,0.00120491
142,565.336,0.67337,0.5778,0.96937,0.65569,0.80208,0.70616,0.49778,1.06781,1.14735,1.39715,0.00120161,0.00120161,0.00120161
143,569.448,0.67824,0.49979,0.96082,0.60217,0.75063,0.71079,0.49003,1.15365,1.31413,1.47011,0.00119831,0.00119831,0.00119831
144,573.059,0.66674,0.58148,0.98365,0.5394,0.83723,0.68145,0.4268,1.28929,1.269,1.57984,0.00119501,0.00119501,0.00119501
145,578.036,0.68718,0.54433,0.9519,0.58753,0.76299,0.69921,0.43357,1.22238,1.24872,1.57477,0.0011917,0.0011917,0.0011917
146,581.541,0.65282,0.51116,0.95296,0.71208,0.67708,0.65714,0.45583,1.04946,1.18872,1.37193,0.0011884,0.0011884,0.0011884
147,585.143,0.60418,0.5192,0.9447,0.69481,0.66667,0.68356,0.494,1.01488,1.1226,1.30538,0.0011851,0.0011851,0.0011851
148,589.079,0.67548,0.58197,0.97264,0.69802,0.72917,0.70836,0.50444,1.05088,1.14093,1.36984,0.0011818,0.0011818,0.0011818
149,593.504,0.63247,0.50963,0.96187,0.62857,0.84228,0.74357,0.55756,0.99468,1.30656,1.31588,0.0011785,0.0011785,0.0011785
150,597.042,0.63988,0.49628,0.98212,0.63906,0.76042,0.69554,0.49713,1.03183,1.32971,1.41457,0.0011752,0.0011752,0.0011752
151,600.818,0.63754,0.49656,0.94293,0.71329,0.70833,0.68831,0.49004,0.98908,1.1815,1.32892,0.0011719,0.0011719,0.0011719
152,605.321,0.64883,0.50022,0.96018,0.70144,0.75,0.68509,0.49048,1.00616,1.14713,1.35133,0.0011686,0.0011686,0.0011686
153,609.297,0.60784,0.47298,0.94621,0.61267,0.7801,0.6944,0.49603,0.989,1.17387,1.33575,0.0011653,0.0011653,0.0011653
154,612.788,0.66632,0.58598,0.98925,0.56225,0.76043,0.63515,0.45413,0.97536,1.33051,1.32979,0.001162,0.001162,0.001162
155,616.497,0.61816,0.49474,0.97254,0.64691,0.65625,0.61513,0.43866,0.97172,1.30445,1.28958,0.0011587,0.0011587,0.0011587
156,621.023,0.63256,0.47464,0.96216,0.53312,0.84375,0.64762,0.45028,1.01973,1.23969,1.36224,0.0011554,0.0011554,0.0011554
157,625.033,0.6225,0.48102,0.96697,0.60781,0.80206,0.7428,0.54203,0.9996,1.12135,1.30011,0.0011521,0.0011521,0.0011521
158,628.511,0.71347,0.56338,1.0162,0.61537,0.80073,0.7377,0.53145,0.94545,1.33013,1.27329,0.0011488,0.0011488,0.0011488
159,632.598,0.64068,0.52484,0.97847,0.57902,0.71329,0.6391,0.4645,0.94167,1.45093,1.24282,0.0011455,0.0011455,0.0011455
160,636.589,0.63843,0.47677,0.97258,0.63742,0.80762,0.74352,0.55509,0.96262,0.991,1.24723,0.0011422,0.0011422,0.0011422
161,639.991,0.63107,0.49664,0.95331,0.62857,0.73504,0.69518,0.5116,0.98766,1.21114,1.3209,0.00113889,0.00113889,0.00113889
162,643.691,0.59647,0.45551,0.93652,0.58404,0.79609,0.73661,0.51646,1.05883,1.25828,1.44577,0.00113559,0.00113559,0.00113559
163,647.887,0.62894,0.53351,0.97458,0.7078,0.63235,0.68339,0.48541,1.0915,1.26653,1.46973,0.00113229,0.00113229,0.00113229
164,651.61,0.64191,0.5207,0.99538,0.62026,0.76042,0.70329,0.48032,1.11249,1.40334,1.52963,0.00112899,0.00112899,0.00112899
165,655.188,0.6255,0.53029,0.95643,0.69319,0.73958,0.74145,0.52038,1.08475,1.49046,1.46732,0.00112569,0.00112569,0.00112569
166,658.719,0.6017,0.46597,0.94653,0.6646,0.84375,0.77787,0.55968,1.01939,1.12164,1.38144,0.00112239,0.00112239,0.00112239
167,663.1,0.66197,0.54178,0.97724,0.70339,0.78544,0.81111,0.5655,1.09189,1.00197,1.39922,0.00111909,0.00111909,0.00111909
168,666.813,0.60909,0.48675,0.95731,0.68884,0.80208,0.79998,0.54817,1.06731,1.1296,1.4455,0.00111579,0.00111579,0.00111579
169,670.592,0.62414,0.52689,0.94935,0.69171,0.76042,0.78629,0.54164,1.07643,1.27577,1.42927,0.00111249,0.00111249,0.00111249
170,674.552,0.61872,0.4848,0.95336,0.67985,0.79859,0.82736,0.58616,1.04427,1.45847,1.29715,0.00110919,0.00110919,0.00110919
171,679.437,0.59246,0.49587,0.94634,0.68366,0.81043,0.8261,0.58334,1.05874,1.37449,1.35265,0.00110589,0.00110589,0.00110589
172,683.059,0.54815,0.42158,0.92024,0.70317,0.82292,0.80183,0.58018,1.03194,1.05495,1.37771,0.00110259,0.00110259,0.00110259
173,686.872,0.61935,0.48212,0.96823,0.77285,0.73958,0.76956,0.56116,1.04941,0.98592,1.37991,0.00109929,0.00109929,0.00109929
174,691.31,0.63248,0.49359,0.96528,0.67678,0.82292,0.72891,0.52239,1.1192,1.14057,1.46726,0.00109599,0.00109599,0.00109599
175,695.292,0.63274,0.47276,0.96128,0.74365,0.72917,0.71802,0.51073,1.08525,1.08169,1.40834,0.00109269,0.00109269,0.00109269
176,698.961,0.63519,0.46904,0.94517,0.75025,0.76379,0.73207,0.5145,1.03439,1.06387,1.40665,0.00108938,0.00108938,0.00108938
177,703.002,0.6243,0.4764,0.97185,0.74856,0.76977,0.7101,0.47459,1.11089,1.1798,1.49965,0.00108608,0.00108608,0.00108608
178,707.467,0.61134,0.45611,0.97327,0.72161,0.68205,0.77436,0.53286,1.11521,1.17424,1.4506,0.00108278,0.00108278,0.00108278
179,710.893,0.6284,0.51445,0.94816,0.63056,0.82975,0.79759,0.57389,1.05825,1.11105,1.39347,0.00107948,0.00107948,0.00107948
180,714.779,0.57508,0.44378,0.91252,0.71878,0.85287,0.84131,0.60715,1.06583,1.0296,1.40945,0.00107618,0.00107618,0.00107618
181,719.41,0.61616,0.49693,0.96554,0.69533,0.82547,0.83834,0.59055,1.09691,1.09769,1.42825,0.00107288,0.00107288,0.00107288
182,723.386,0.62811,0.50451,0.96324,0.56603,0.77579,0.70633,0.5153,1.0065,1.45841,1.41248,0.00106958,0.00106958,0.00106958
183,727.563,0.57268,0.42913,0.9548,0.53732,0.80208,0.70536,0.51704,0.99923,1.37781,1.34721,0.00106628,0.00106628,0.00106628
184,731.389,0.58874,0.47604,0.95368,0.56984,0.75,0.72774,0.51422,1.04207,1.31952,1.40314,0.00106298,0.00106298,0.00106298
185,735.587,0.53923,0.4466,0.94423,0.69394,0.68073,0.7418,0.52011,1.0824,1.18275,1.48076,0.00105968,0.00105968,0.00105968
186,739.143,0.56435,0.47706,0.94403,0.62164,0.79167,0.75464,0.52875,1.05974,1.31154,1.41625,0.00105638,0.00105638,0.00105638
187,742.654,0.55128,0.49352,0.95634,0.65085,0.73523,0.73319,0.49489,1.09927,1.23281,1.41062,0.00105308,0.00105308,0.00105308
188,746.868,0.57374,0.49345,0.94494,0.67694,0.74781,0.71424,0.4785,1.15109,1.15234,1.41686,0.00104978,0.00104978,0.00104978
189,751.12,0.53124,0.4302,0.93768,0.65152,0.75,0.6841,0.44636,1.15241,1.28561,1.42893,0.00104648,0.00104648,0.00104648
190,754.747,0.55901,0.41655,0.91929,0.5657,0.73945,0.65608,0.43985,1.15433,1.45931,1.50766,0.00104318,0.00104318,0.00104318
191,758.624,0.60073,0.45158,0.95816,0.59726,0.79167,0.68628,0.45738,1.21566,1.37734,1.55194,0.00103987,0.00103987,0.00103987
192,763.394,0.57402,0.45376,0.92326,0.67125,0.71125,0.70713,0.44211,1.27543,1.32427,1.63198,0.00103657,0.00103657,0.00103657
193,767.133,0.54208,0.43974,0.9212,0.67905,0.71875,0.70296,0.43062,1.27456,1.3737,1.56801,0.00103327,0.00103327,0.00103327
194,770.541,0.57587,0.46543,0.9421,0.70492,0.65625,0.66111,0.41714,1.27064,1.53911,1.54295,0.00102997,0.00102997,0.00102997
195,775.104,0.62698,0.48046,0.96003,0.64384,0.75683,0.72267,0.4791,1.26619,1.47071,1.5632,0.00102667,0.00102667,0.00102667
196,779.484,0.57682,0.49644,0.95454,0.75308,0.86458,0.87195,0.58003,1.16821,1.00431,1.47795,0.00102337,0.00102337,0.00102337
197,783.056,0.5807,0.45545,0.94095,0.67209,0.82697,0.84364,0.58122,1.15938,1.26532,1.51559,0.00102007,0.00102007,0.00102007
198,786.638,0.57867,0.46805,0.9606,0.76345,0.76042,0.83706,0.5878,1.08877,1.19959,1.44518,0.00101677,0.00101677,0.00101677
199,791.818,0.57832,0.44715,0.9322,0.68549,0.88542,0.83074,0.57503,1.05432,1.01696,1.43612,0.00101347,0.00101347,0.00101347
200,795.527,0.56345,0.43721,0.93926,0.72497,0.7978,0.82036,0.55178,1.09327,0.98383,1.50308,0.00101017,0.00101017,0.00101017
201,799.058,0.4969,0.41611,0.89807,0.64144,0.86257,0.80256,0.54453,1.07588,1.06884,1.49989,0.00100687,0.00100687,0.00100687
202,804.594,0.56761,0.45934,0.94543,0.59716,0.88535,0.75042,0.52495,1.09902,1.13458,1.47539,0.00100357,0.00100357,0.00100357
203,808.634,0.5599,0.4728,0.93433,0.70423,0.70833,0.71434,0.48989,1.11368,1.23016,1.47563,0.00100027,0.00100027,0.00100027
204,812.407,0.57728,0.42991,0.91714,0.70443,0.75292,0.74616,0.50285,1.1389,1.43126,1.48014,0.000996966,0.000996966,0.000996966
205,816.032,0.59748,0.4687,0.94555,0.72678,0.6915,0.74768,0.51265,1.1039,1.5701,1.46,0.000993665,0.000993665,0.000993665
206,820.199,0.62205,0.4841,0.94478,0.66646,0.75791,0.7434,0.51682,1.08569,1.40886,1.43323,0.000990365,0.000990365,0.000990365
207,823.804,0.63072,0.48819,0.95771,0.6295,0.79793,0.70666,0.51671,0.97767,1.3031,1.35704,0.000987064,0.000987064,0.000987064
208,827.424,0.59014,0.45199,0.93546,0.71207,0.67037,0.65498,0.48246,0.91825,1.34352,1.3305,0.000983763,0.000983763,0.000983763
209,831.206,0.59024,0.44035,0.9535,0.65464,0.69287,0.64167,0.46811,0.93875,1.3343,1.31764,0.000980463,0.000980463,0.000980463
210,836.042,0.54436,0.43781,0.94143,0.55332,0.75927,0.66092,0.46929,1.01233,1.43502,1.3954,0.000977162,0.000977162,0.000977162
211,839.635,0.54764,0.44988,0.93971,0.55056,0.75749,0.6292,0.44921,0.99428,1.40701,1.3642,0.000973861,0.000973861,0.000973861
212,843.42,0.58092,0.44074,0.93171,0.57461,0.76042,0.65648,0.47259,0.9911,1.31358,1.35918,0.000970561,0.000970561,0.000970561
213,847.762,0.54708,0.39949,0.93232,0.54746,0.78292,0.60829,0.43215,1.04368,1.38334,1.37442,0.00096726,0.00096726,0.00096726
214,852.099,0.5789,0.43275,0.93212,0.55493,0.65625,0.61789,0.40992,1.18033,1.62796,1.53015,0.000963959,0.000963959,0.000963959
215,855.737,0.55168,0.42106,0.927,0.55971,0.65625,0.60802,0.42321,1.09557,1.67796,1.35311,0.000960659,0.000960659,0.000960659
216,859.265,0.59534,0.41892,0.95226,0.54172,0.76042,0.65381,0.45303,1.04792,1.41152,1.35856,0.000957358,0.000957358,0.000957358
217,863.852,0.55959,0.4125,0.92168,0.59975,0.70833,0.70276,0.46403,1.1482,1.36489,1.43373,0.000954057,0.000954057,0.000954057
218,867.754,0.5398,0.37616,0.90401,0.67312,0.72917,0.71609,0.49819,1.06228,1.36401,1.32191,0.000950757,0.000950757,0.000950757
219,871.292,0.53391,0.42146,0.93059,0.6387,0.7721,0.71895,0.50867,1.06774,1.39423,1.33909,0.000947456,0.000947456,0.000947456
220,875.283,0.53718,0.3832,0.93528,0.591,0.75096,0.68102,0.48619,1.10638,1.40168,1.37074,0.000944155,0.000944155,0.000944155
221,879.977,0.5164,0.41999,0.91405,0.6417,0.72917,0.68911,0.47421,1.13232,1.42626,1.41853,0.000940855,0.000940855,0.000940855
222,883.572,0.51494,0.38668,0.92253,0.63705,0.78626,0.72038,0.50972,1.03477,1.22131,1.35358,0.000937554,0.000937554,0.000937554
223,887.533,0.54843,0.44918,0.93091,0.67233,0.73265,0.70867,0.49704,1.05178,1.19939,1.3949,0.000934253,0.000934253,0.000934253
224,891.953,0.5492,0.41433,0.93322,0.54521,0.83536,0.73627,0.51484,1.06092,1.19571,1.36126,0.000930953,0.000930953,0.000930953
225,895.778,0.50887,0.41168,0.93902,0.60206,0.85416,0.72213,0.52019,1.1025,1.30413,1.40411,0.000927652,0.000927652,0.000927652
226,899.422,0.53974,0.45482,0.93405,0.59924,0.75,0.69578,0.48515,1.08311,1.43025,1.40534,0.000924352,0.000924352,0.000924352
227,903.574,0.54782,0.42132,0.90475,0.54981,0.8125,0.67715,0.46071,1.07506,1.42409,1.46541,0.000921051,0.000921051,0.000921051
228,908.222,0.49661,0.38502,0.91809,0.58931,0.80208,0.65258,0.4593,1.08496,1.38209,1.41774,0.00091775,0.00091775,0.00091775
229,912.081,0.53155,0.42729,0.92756,0.62646,0.72588,0.6857,0.47723,1.09599,1.33392,1.41298,0.00091445,0.00091445,0.00091445
230,915.661,0.46975,0.38343,0.89394,0.64012,0.71746,0.67867,0.47282,1.0523,1.42094,1.42645,0.000911149,0.000911149,0.000911149
231,920.358,0.49301,0.39078,0.92308,0.59657,0.78563,0.71764,0.50941,1.05608,1.30161,1.45899,0.000907848,0.000907848,0.000907848
232,924.313,0.52597,0.40044,0.9434,0.6158,0.80371,0.74234,0.54079,1.06944,1.1509,1.47719,0.000904548,0.000904548,0.000904548
233,927.908,0.52857,0.43362,0.93437,0.56577,0.82292,0.7107,0.5181,1.10561,1.2883,1.49583,0.000901247,0.000901247,0.000901247
234,931.568,0.50395,0.41721,0.91263,0.60455,0.79167,0.71828,0.52247,1.05228,1.3991,1.46772,0.000897946,0.000897946,0.000897946
235,936.519,0.5106,0.40911,0.93168,0.57583,0.77907,0.71378,0.52507,1.027,1.45754,1.41198,0.000894646,0.000894646,0.000894646
236,940.119,0.51586,0.43042,0.91623,0.58032,0.82513,0.69329,0.50711,1.05769,1.41032,1.36151,0.000891345,0.000891345,0.000891345
237,943.619,0.49192,0.39448,0.88817,0.58299,0.78125,0.67964,0.49504,1.07648,1.30866,1.39024,0.000888044,0.000888044,0.000888044
238,947.912,0.5049,0.38673,0.9289,0.50918,0.78963,0.66226,0.47927,1.01945,1.3911,1.38019,0.000884744,0.000884744,0.000884744
239,952.52,0.49953,0.39058,0.91854,0.53059,0.66635,0.61271,0.42573,1.05018,1.47262,1.36687,0.000881443,0.000881443,0.000881443
240,956.221,0.50134,0.39822,0.91296,0.52172,0.73352,0.64621,0.45879,1.07446,1.41281,1.41273,0.000878142,0.000878142,0.000878142
241,959.754,0.49388,0.36693,0.88027,0.54037,0.80208,0.62971,0.45205,1.01955,1.34891,1.35846,0.000874842,0.000874842,0.000874842
242,964.612,0.52618,0.38716,0.93381,0.59133,0.84701,0.70061,0.49587,1.06306,1.31582,1.45643,0.000871541,0.000871541,0.000871541
243,968.499,0.43694,0.34668,0.90349,0.62565,0.70833,0.71289,0.50161,1.09918,1.32596,1.49505,0.00086824,0.00086824,0.00086824
244,972.012,0.51908,0.38883,0.91375,0.64889,0.71781,0.72353,0.48804,1.12419,1.26614,1.53555,0.00086494,0.00086494,0.00086494
245,975.812,0.50453,0.38933,0.93439,0.66167,0.77083,0.76528,0.53972,1.06076,1.22206,1.47142,0.000861639,0.000861639,0.000861639
246,980.387,0.51178,0.39911,0.92081,0.6178,0.80776,0.80116,0.58306,0.99316,1.26813,1.44643,0.000858338,0.000858338,0.000858338
247,983.927,0.51652,0.38371,0.92371,0.60588,0.82292,0.77267,0.5542,0.95874,1.20156,1.40483,0.000855038,0.000855038,0.000855038
248,987.461,0.49521,0.42097,0.93017,0.5805,0.85922,0.75822,0.54129,1.04787,1.16685,1.44538,0.000851737,0.000851737,0.000851737
249,992.043,0.51452,0.40507,0.91834,0.59966,0.86735,0.77431,0.54319,1.11196,1.1175,1.48988,0.000848436,0.000848436,0.000848436
250,996.406,0.49783,0.38772,0.8988,0.62716,0.8185,0.73712,0.53572,1.02906,1.27382,1.43301,0.000845136,0.000845136,0.000845136
251,1000.06,0.52059,0.41441,0.91092,0.60487,0.83333,0.7406,0.52075,1.07164,1.40038,1.47291,0.000841835,0.000841835,0.000841835
252,1003.58,0.46139,0.39266,0.89277,0.59274,0.796,0.71571,0.49975,1.04723,1.5122,1.41315,0.000838534,0.000838534,0.000838534
253,1007.88,0.48553,0.4124,0.90984,0.68407,0.7059,0.71696,0.51186,1.03951,1.32063,1.41741,0.000835234,0.000835234,0.000835234
254,1011.37,0.49982,0.42988,0.92826,0.74649,0.75,0.76949,0.54148,1.10167,1.13707,1.46522,0.000831933,0.000831933,0.000831933
255,1015.07,0.49992,0.4217,0.92018,0.67953,0.83289,0.76311,0.52209,1.14846,1.03766,1.46747,0.000828632,0.000828632,0.000828632
256,1018.85,0.52863,0.45521,0.92396,0.6918,0.74664,0.76568,0.50807,1.17184,1.07927,1.54162,0.000825332,0.000825332,0.000825332
257,1023.58,0.52706,0.41875,0.92707,0.72871,0.78057,0.78052,0.5232,1.15193,0.98977,1.53911,0.000822031,0.000822031,0.000822031
258,1027.3,0.52371,0.41532,0.91944,0.6638,0.87202,0.82129,0.57125,1.14321,0.98435,1.46083,0.00081873,0.00081873,0.00081873
259,1030.96,0.52623,0.39215,0.92339,0.70554,0.79167,0.81277,0.55554,1.13195,0.94678,1.47757,0.00081543,0.00081543,0.00081543
260,1035.51,0.4441,0.37105,0.9133,0.70894,0.77045,0.80052,0.55349,1.06068,1.12244,1.4739,0.000812129,0.000812129,0.000812129
261,1039.35,0.50008,0.38675,0.94331,0.64476,0.78272,0.78703,0.54321,1.05025,1.13888,1.41452,0.000808828,0.000808828,0.000808828
262,1042.95,0.48048,0.38242,0.92115,0.68118,0.7468,0.77603,0.53834,1.08073,1.10761,1.43421,0.000805528,0.000805528,0.000805528
263,1046.61,0.47742,0.36386,0.9118,0.70375,0.77641,0.76347,0.53032,1.08559,1.11655,1.43733,0.000802227,0.000802227,0.000802227
264,1051.15,0.47648,0.3417,0.91544,0.6299,0.85417,0.78013,0.55516,1.03586,1.16177,1.39443,0.000798926,0.000798926,0.000798926
265,1055.17,0.5101,0.37629,0.92179,0.58623,0.79736,0.75226,0.55591,1.01094,1.34056,1.37434,0.000795626,0.000795626,0.000795626
266,1058.76,0.48891,0.42734,0.93331,0.59494,0.80871,0.70993,0.48223,1.12345,1.26728,1.54567,0.000792325,0.000792325,0.000792325
267,1063.33,0.48338,0.364,0.90559,0.5861,0.80741,0.68347,0.45539,1.17259,1.40618,1.629,0.000789024,0.000789024,0.000789024
268,1067.01,0.50784,0.4079,0.91508,0.56102,0.78125,0.70898,0.49854,1.11452,1.32227,1.51869,0.000785724,0.000785724,0.000785724
269,1070.42,0.50772,0.37287,0.91152,0.57571,0.77877,0.7069,0.50646,1.07273,1.37177,1.45032,0.000782423,0.000782423,0.000782423
270,1074.05,0.49212,0.36722,0.90198,0.58932,0.77025,0.76748,0.53727,1.07959,1.284,1.50531,0.000779122,0.000779122,0.000779122
271,1078.63,0.44168,0.3469,0.88849,0.60994,0.7669,0.75436,0.52723,1.08294,1.26619,1.48323,0.000775822,0.000775822,0.000775822
272,1082.37,0.46538,0.36096,0.90317,0.61698,0.83924,0.73838,0.5262,1.03807,1.14116,1.44348,0.000772521,0.000772521,0.000772521
273,1085.9,0.47348,0.3525,0.92585,0.67057,0.80966,0.80083,0.57996,1.03482,1.14579,1.45926,0.00076922,0.00076922,0.00076922
274,1090,0.48126,0.38264,0.90936,0.71541,0.79167,0.81515,0.56791,1.12786,1.07196,1.52992,0.00076592,0.00076592,0.00076592
275,1094.35,0.47779,0.37276,0.89878,0.74499,0.78415,0.80826,0.56153,1.13341,1.04627,1.53681,0.000762619,0.000762619,0.000762619
276,1098.01,0.4614,0.34451,0.8951,0.65969,0.80208,0.77296,0.51743,1.072,1.04242,1.47265,0.000759318,0.000759318,0.000759318
277,1101.88,0.43842,0.37853,0.91266,0.64029,0.85473,0.72308,0.49578,1.10823,1.20588,1.4804,0.000756018,0.000756018,0.000756018
278,1106.32,0.49162,0.3914,0.91388,0.63602,0.77668,0.73719,0.50172,1.0714,1.19087,1.45178,0.000752717,0.000752717,0.000752717
279,1110.17,0.49416,0.3783,0.91642,0.72063,0.72043,0.75246,0.51002,1.04116,1.1218,1.44968,0.000749417,0.000749417,0.000749417
280,1113.88,0.39907,0.32144,0.87476,0.69135,0.7493,0.78426,0.53369,1.06518,1.127,1.49756,0.000746116,0.000746116,0.000746116
281,1118.16,0.48211,0.37291,0.91369,0.6345,0.82944,0.77828,0.52331,1.0871,1.26276,1.51964,0.000742815,0.000742815,0.000742815
282,1121.91,0.48607,0.37305,0.90665,0.62611,0.72176,0.78008,0.52537,1.09476,1.52993,1.50691,0.000739515,0.000739515,0.000739515
283,1125.64,0.42846,0.34011,0.87912,0.63016,0.71875,0.7782,0.53458,1.10834,1.66909,1.54582,0.000736214,0.000736214,0.000736214
284,1129.38,0.45854,0.34316,0.90935,0.6832,0.69792,0.78976,0.56903,1.04448,1.71934,1.47922,0.000732913,0.000732913,0.000732913
285,1133.97,0.47336,0.35584,0.90965,0.68003,0.69792,0.78809,0.55903,1.05116,1.67859,1.50885,0.000729613,0.000729613,0.000729613
286,1137.51,0.4533,0.33015,0.90536,0.61177,0.76949,0.77941,0.54662,1.11195,1.6323,1.58507,0.000726312,0.000726312,0.000726312
287,1141.03,0.42254,0.32724,0.87808,0.62602,0.76952,0.76349,0.54535,1.07441,1.69169,1.54445,0.000723011,0.000723011,0.000723011
288,1145.25,0.45248,0.3413,0.89497,0.6098,0.76042,0.74841,0.52812,1.04681,1.72957,1.46494,0.000719711,0.000719711,0.000719711
289,1149.62,0.46875,0.36007,0.92015,0.58249,0.7368,0.76201,0.543,1.06261,1.71411,1.48606,0.00071641,0.00071641,0.00071641
290,1153.17,0.42762,0.32497,0.8864,0.63097,0.78872,0.68465,0.48622,1.08039,1.61021,1.55729,0.000713109,0.000713109,0.000713109
291,1156.69,0.43091,0.33547,0.89222,0.58751,0.7603,0.68072,0.47805,1.07867,1.61854,1.50676,0.000709809,0.000709809,0.000709809
292,1161.23,0.40002,0.31213,0.87011,0.61938,0.75908,0.73249,0.51441,1.03173,1.70836,1.44914,0.000706508,0.000706508,0.000706508
293,1164.83,0.45559,0.34766,0.90518,0.66156,0.72608,0.71555,0.51448,1.01202,1.65481,1.44134,0.000703207,0.000703207,0.000703207
294,1168.53,0.42082,0.32275,0.8967,0.72145,0.72917,0.66261,0.46446,1.06358,1.42392,1.51815,0.000699907,0.000699907,0.000699907
295,1173.28,0.41905,0.34059,0.90056,0.61682,0.75627,0.69752,0.4849,1.09837,1.32564,1.54573,0.000696606,0.000696606,0.000696606
296,1177.32,0.43069,0.34633,0.88161,0.54107,0.72711,0.63324,0.44763,1.114,1.62548,1.53944,0.000693305,0.000693305,0.000693305
297,1180.97,0.43928,0.34664,0.89771,0.54102,0.74365,0.67217,0.46931,1.12247,1.49298,1.54472,0.000690005,0.000690005,0.000690005
298,1184.65,0.41784,0.31693,0.87382,0.53603,0.71857,0.6039,0.42811,1.06952,1.60033,1.5058,0.000686704,0.000686704,0.000686704
299,1189.57,0.46542,0.36545,0.91937,0.59624,0.64394,0.64973,0.47503,1.0196,1.46598,1.4772,0.000683403,0.000683403,0.000683403
300,1194.47,0.44594,0.31352,0.88284,0.54141,0.77083,0.65853,0.44478,1.13385,1.43147,1.54477,0.000680103,0.000680103,0.000680103
301,1197.91,0.43385,0.32557,0.8977,0.55272,0.79042,0.67743,0.45607,1.17028,1.43081,1.59101,0.000676802,0.000676802,0.000676802
302,1202.15,0.49365,0.38899,0.90788,0.61364,0.7155,0.71535,0.46899,1.25606,1.34153,1.65104,0.000673501,0.000673501,0.000673501
303,1205.63,0.45505,0.33716,0.89637,0.62172,0.74485,0.72111,0.48049,1.24194,1.35927,1.61844,0.000670201,0.000670201,0.000670201
304,1209.37,0.45056,0.3359,0.88932,0.63334,0.73871,0.75924,0.5361,1.14226,1.38272,1.54773,0.0006669,0.0006669,0.0006669
305,1213.07,0.41326,0.34557,0.88548,0.61078,0.76042,0.76653,0.53599,1.13418,1.38902,1.54421,0.000663599,0.000663599,0.000663599
306,1217.58,0.40819,0.33412,0.89405,0.61608,0.72022,0.70565,0.48254,1.14287,1.52146,1.54171,0.000660299,0.000660299,0.000660299
307,1221.3,0.39186,0.33879,0.8726,0.62407,0.72569,0.68079,0.47293,1.07892,1.62072,1.47274,0.000656998,0.000656998,0.000656998
308,1224.81,0.38585,0.3178,0.88218,0.58601,0.74536,0.70137,0.49999,1.05695,1.70662,1.47705,0.000653697,0.000653697,0.000653697
309,1229.42,0.40496,0.33546,0.89446,0.61102,0.65148,0.72601,0.50895,1.06726,1.64162,1.50489,0.000650397,0.000650397,0.000650397
310,1233.34,0.44362,0.34795,0.91572,0.62345,0.66597,0.71409,0.50111,1.08223,1.63656,1.54662,0.000647096,0.000647096,0.000647096
311,1236.98,0.41048,0.3272,0.89148,0.56486,0.74125,0.71685,0.50927,1.09138,1.62644,1.54011,0.000643795,0.000643795,0.000643795
312,1241,0.4172,0.32987,0.88672,0.56581,0.79982,0.74223,0.52587,1.07565,1.48224,1.54318,0.000640495,0.000640495,0.000640495
313,1245.55,0.42712,0.3374,0.88932,0.57719,0.80104,0.74617,0.52004,1.061,1.48672,1.50458,0.000637194,0.000637194,0.000637194
314,1249.11,0.43489,0.34285,0.89521,0.58089,0.85417,0.72886,0.52059,1.09711,1.41154,1.46553,0.000633893,0.000633893,0.000633893
315,1252.77,0.39225,0.315,0.87905,0.57677,0.83094,0.75677,0.54102,1.08735,1.36235,1.44982,0.000630593,0.000630593,0.000630593
316,1257.14,0.41368,0.3537,0.88575,0.58397,0.7858,0.73488,0.53443,1.02572,1.34278,1.44906,0.000627292,0.000627292,0.000627292
317,1261.37,0.41844,0.30157,0.88825,0.65296,0.69792,0.71162,0.5025,1.07473,1.42202,1.48394,0.000623991,0.000623991,0.000623991
318,1264.9,0.38462,0.3158,0.88918,0.67969,0.65625,0.65148,0.45436,1.11846,1.47568,1.5423,0.000620691,0.000620691,0.000620691
319,1269.05,0.41586,0.33151,0.88824,0.54659,0.77496,0.69209,0.48547,1.11579,1.55952,1.54377,0.00061739,0.00061739,0.00061739
320,1273.58,0.43684,0.34798,0.89673,0.58859,0.77119,0.70865,0.50386,1.08768,1.39202,1.48134,0.000614089,0.000614089,0.000614089
321,1277.39,0.45374,0.3573,0.9012,0.5817,0.75052,0.70942,0.50185,1.09711,1.44572,1.50411,0.000610789,0.000610789,0.000610789
322,1280.98,0.40486,0.35244,0.89223,0.63382,0.817,0.77198,0.56196,1.05124,1.26164,1.51425,0.000607488,0.000607488,0.000607488
323,1285.75,0.40455,0.2963,0.87931,0.61965,0.8269,0.7834,0.55442,1.05959,1.28615,1.51981,0.000604187,0.000604187,0.000604187
324,1289.46,0.42325,0.317,0.88667,0.61158,0.85335,0.79747,0.55439,1.11231,1.37541,1.57652,0.000600887,0.000600887,0.000600887
325,1293.18,0.40523,0.32203,0.88414,0.59315,0.80274,0.79936,0.54671,1.1046,1.42706,1.58379,0.000597586,0.000597586,0.000597586
326,1297.09,0.37567,0.31881,0.88407,0.70253,0.63892,0.71718,0.50883,1.06777,1.5386,1.50828,0.000594286,0.000594286,0.000594286
327,1301.49,0.40136,0.2929,0.88379,0.61267,0.76042,0.73668,0.53526,1.05633,1.52575,1.49255,0.000590985,0.000590985,0.000590985
328,1305.03,0.41307,0.31341,0.89879,0.58862,0.81498,0.81416,0.56859,1.11418,1.348,1.60172,0.000587684,0.000587684,0.000587684
329,1308.42,0.40366,0.32465,0.89064,0.58241,0.84805,0.79603,0.55155,1.12088,1.23008,1.57477,0.000584384,0.000584384,0.000584384
330,1312.67,0.40364,0.34012,0.8901,0.66563,0.7938,0.79816,0.5518,1.13771,1.29457,1.60723,0.000581083,0.000581083,0.000581083
331,1316.84,0.40345,0.30412,0.89264,0.61912,0.82608,0.75795,0.52028,1.10317,1.39135,1.57663,0.000577782,0.000577782,0.000577782
332,1320.28,0.40359,0.29912,0.90353,0.60924,0.76073,0.73734,0.52118,1.04282,1.53963,1.54211,0.000574482,0.000574482,0.000574482
333,1324.1,0.40431,0.32391,0.88931,0.57925,0.73801,0.74668,0.53505,1.0376,1.51703,1.55927,0.000571181,0.000571181,0.000571181
334,1328.67,0.43086,0.33733,0.89558,0.57922,0.74618,0.74292,0.53125,1.05787,1.42743,1.57231,0.00056788,0.00056788,0.00056788
335,1332.27,0.40373,0.31457,0.89917,0.59343,0.78209,0.74612,0.53087,1.06208,1.45203,1.5651,0.00056458,0.00056458,0.00056458
336,1335.83,0.4053,0.31102,0.89514,0.5963,0.80208,0.76021,0.53765,1.12909,1.46143,1.60976,0.000561279,0.000561279,0.000561279
337,1339.94,0.43925,0.35365,0.8979,0.59697,0.80208,0.77223,0.5397,1.1174,1.43131,1.61778,0.000557978,0.000557978,0.000557978
338,1344.49,0.41146,0.32131,0.87162,0.64161,0.77083,0.7949,0.56742,1.06388,1.40085,1.54963,0.000554678,0.000554678,0.000554678
339,1347.95,0.38215,0.30971,0.89666,0.63223,0.77625,0.78475,0.57744,1.0193,1.25864,1.56508,0.000551377,0.000551377,0.000551377
340,1351.68,0.3749,0.30217,0.8772,0.68773,0.77825,0.78586,0.56558,1.02388,1.09513,1.55776,0.000548076,0.000548076,0.000548076
341,1356.41,0.38158,0.30662,0.88475,0.65517,0.7782,0.74046,0.52652,1.05683,1.16436,1.59431,0.000544776,0.000544776,0.000544776
342,1359.95,0.41253,0.33612,0.88702,0.69341,0.72829,0.73572,0.51662,1.01404,1.20302,1.48573,0.000541475,0.000541475,0.000541475
343,1363.52,0.37262,0.29609,0.87399,0.56582,0.81935,0.72377,0.51449,1.00787,1.4542,1.48043,0.000538174,0.000538174,0.000538174
344,1367.38,0.38093,0.30436,0.88506,0.58675,0.76042,0.73302,0.5201,1.03463,1.49384,1.54602,0.000534874,0.000534874,0.000534874
345,1371.67,0.3585,0.27868,0.88633,0.66419,0.6875,0.77396,0.5487,1.04754,1.39142,1.57031,0.000531573,0.000531573,0.000531573
346,1375.56,0.37137,0.30631,0.88664,0.60163,0.77971,0.78227,0.56138,1.03538,1.51283,1.53954,0.000528272,0.000528272,0.000528272
347,1379.02,0.3832,0.30185,0.88975,0.62471,0.6875,0.71726,0.51952,1.03444,1.57737,1.49944,0.000524972,0.000524972,0.000524972
348,1383.61,0.39267,0.31205,0.88597,0.57731,0.72376,0.66042,0.4561,1.04256,1.62133,1.50132,0.000521671,0.000521671,0.000521671
349,1387.66,0.36861,0.30053,0.86697,0.60634,0.70208,0.66363,0.45293,1.05258,1.55071,1.51593,0.00051837,0.00051837,0.00051837
350,1391,0.38364,0.28214,0.86392,0.64726,0.67353,0.71889,0.49626,1.06237,1.43746,1.56444,0.00051507,0.00051507,0.00051507
351,1395.2,0.39122,0.31824,0.87602,0.65838,0.72917,0.74365,0.51323,1.07705,1.35805,1.57964,0.000511769,0.000511769,0.000511769
352,1399.47,0.34587,0.29206,0.86113,0.71167,0.70306,0.74348,0.52049,1.1036,1.22525,1.60404,0.000508468,0.000508468,0.000508468
353,1403.56,0.39115,0.30605,0.89482,0.62112,0.73958,0.72022,0.49016,1.08816,1.36058,1.59104,0.000505168,0.000505168,0.000505168
354,1407.13,0.37451,0.31386,0.87701,0.56998,0.76601,0.65314,0.43791,1.0974,1.48151,1.56218,0.000501867,0.000501867,0.000501867
355,1411.83,0.3516,0.27048,0.86537,0.56597,0.77083,0.65012,0.43932,1.11691,1.4997,1.58233,0.000498566,0.000498566,0.000498566
356,1415.48,0.38178,0.32716,0.88594,0.62053,0.69792,0.64232,0.44621,1.10741,1.50403,1.55898,0.000495266,0.000495266,0.000495266
357,1419.02,0.37479,0.28249,0.87688,0.56012,0.76854,0.65418,0.45507,1.08702,1.52573,1.54629,0.000491965,0.000491965,0.000491965
358,1422.83,0.38686,0.31486,0.89318,0.63249,0.78082,0.71578,0.51497,1.00341,1.32901,1.51989,0.000488664,0.000488664,0.000488664
359,1427.3,0.34613,0.2717,0.87287,0.62341,0.76042,0.74598,0.53833,0.99296,1.33745,1.52031,0.000485364,0.000485364,0.000485364
360,1431.01,0.36098,0.28304,0.88618,0.64524,0.80505,0.77691,0.55484,1.01472,1.33606,1.54329,0.000482063,0.000482063,0.000482063
361,1434.71,0.38286,0.30233,0.88183,0.63738,0.80811,0.77093,0.53846,1.03174,1.41422,1.53473,0.000478762,0.000478762,0.000478762
362,1439.69,0.35624,0.27763,0.88215,0.58643,0.79167,0.76865,0.5445,1.08443,1.48494,1.55642,0.000475462,0.000475462,0.000475462
363,1443.22,0.36618,0.2956,0.88054,0.66433,0.75833,0.75882,0.51477,1.08754,1.478,1.54681,0.000472161,0.000472161,0.000472161
364,1447.27,0.35303,0.29508,0.87233,0.62498,0.78125,0.69882,0.48198,1.07981,1.5113,1.54762,0.00046886,0.00046886,0.00046886
365,1451.11,0.37435,0.30644,0.87202,0.63133,0.77073,0.67742,0.47071,1.09668,1.48074,1.58755,0.00046556,0.00046556,0.00046556
366,1456.11,0.37291,0.31293,0.87247,0.63656,0.76468,0.67699,0.46748,1.10195,1.4915,1.5714,0.000462259,0.000462259,0.000462259
367,1459.49,0.35642,0.29603,0.88001,0.63976,0.77068,0.69384,0.47769,1.10555,1.49174,1.57442,0.000458958,0.000458958,0.000458958
368,1463.11,0.36108,0.28976,0.87763,0.61631,0.78125,0.7095,0.48297,1.08969,1.51393,1.54129,0.000455658,0.000455658,0.000455658
369,1467.65,0.36459,0.30841,0.90436,0.59802,0.79777,0.73431,0.50952,1.10242,1.50932,1.54084,0.000452357,0.000452357,0.000452357
370,1471.56,0.32324,0.24451,0.85535,0.59133,0.8125,0.7269,0.51199,1.05621,1.44637,1.53197,0.000449056,0.000449056,0.000449056
371,1475.26,0.34483,0.29628,0.85624,0.60818,0.7628,0.70225,0.49301,1.06837,1.46588,1.5559,0.000445756,0.000445756,0.000445756
372,1479.09,0.39357,0.29891,0.89677,0.62095,0.77083,0.71123,0.5179,1.02424,1.60168,1.53215,0.000442455,0.000442455,0.000442455
373,1483.56,0.38582,0.30207,0.8932,0.62245,0.82626,0.68024,0.50305,1.05497,1.39747,1.56428,0.000439154,0.000439154,0.000439154
374,1487.54,0.37625,0.33219,0.89361,0.60938,0.73892,0.67185,0.47738,1.07241,1.51521,1.58411,0.000435854,0.000435854,0.000435854
375,1491.17,0.37091,0.28659,0.88384,0.5857,0.79067,0.6682,0.46984,1.0694,1.51738,1.55931,0.000432553,0.000432553,0.000432553
376,1495.76,0.36265,0.27238,0.88798,0.56481,0.77083,0.67615,0.47357,1.05898,1.53655,1.53384,0.000429253,0.000429253,0.000429253
377,1499.43,0.34921,0.2761,0.86666,0.60279,0.73958,0.70333,0.49143,1.05501,1.5018,1.55793,0.000425952,0.000425952,0.000425952
378,1503.11,0.34471,0.26213,0.86545,0.61456,0.75,0.7125,0.49562,1.08838,1.43991,1.57158,0.000422651,0.000422651,0.000422651
379,1507,0.36547,0.29419,0.88136,0.60522,0.785,0.72828,0.52264,1.0662,1.4003,1.53993,0.000419351,0.000419351,0.000419351
380,1511.92,0.37555,0.29458,0.89009,0.58491,0.7738,0.69188,0.49591,1.07275,1.40029,1.48264,0.00041605,0.00041605,0.00041605
381,1515.48,0.34974,0.25653,0.86721,0.66025,0.70582,0.68673,0.49723,1.05369,1.40984,1.4644,0.000412749,0.000412749,0.000412749
382,1519.23,0.37097,0.30285,0.86714,0.66939,0.7032,0.73647,0.52472,1.02563,1.34586,1.50804,0.000409449,0.000409449,0.000409449
383,1523.89,0.35802,0.27858,0.87149,0.59074,0.7596,0.74532,0.53639,1.05905,1.37124,1.55198,0.000406148,0.000406148,0.000406148
384,1527.72,0.3715,0.3109,0.88587,0.65334,0.72603,0.70995,0.51096,1.04684,1.43018,1.5297,0.000402847,0.000402847,0.000402847
385,1531.3,0.33897,0.3079,0.86701,0.65316,0.70833,0.72376,0.51085,1.07353,1.40848,1.55564,0.000399547,0.000399547,0.000399547
386,1535.96,0.35128,0.27461,0.87412,0.61863,0.73742,0.72057,0.49872,1.10626,1.36905,1.59291,0.000396246,0.000396246,0.000396246
387,1539.98,0.33749,0.26598,0.86212,0.59009,0.84707,0.70396,0.50422,1.08635,1.34399,1.57137,0.000392945,0.000392945,0.000392945
388,1544,0.34869,0.26854,0.86928,0.63736,0.71875,0.71104,0.49378,1.05688,1.34576,1.52728,0.000389645,0.000389645,0.000389645
389,1547.97,0.3659,0.27034,0.88805,0.63368,0.76547,0.71878,0.50842,1.06423,1.24156,1.56135,0.000386344,0.000386344,0.000386344
390,1553.39,0.36238,0.29934,0.87956,0.65309,0.73958,0.73278,0.51305,1.05926,1.28612,1.51466,0.000383043,0.000383043,0.000383043
391,1557.07,0.36497,0.31947,0.89758,0.60331,0.78805,0.70311,0.50682,1.07279,1.34371,1.51644,0.000379743,0.000379743,0.000379743
392,1561.25,0.36725,0.2654,0.89036,0.57933,0.76978,0.70276,0.50285,1.08365,1.43271,1.55635,0.000376442,0.000376442,0.000376442
393,1565.83,0.32938,0.26244,0.85753,0.58139,0.76942,0.69166,0.49307,1.08907,1.44369,1.55838,0.000373141,0.000373141,0.000373141
394,1569.94,0.34994,0.30462,0.87803,0.63533,0.78777,0.72683,0.51682,1.07336,1.31659,1.53853,0.000369841,0.000369841,0.000369841
395,1573.32,0.37151,0.27053,0.87386,0.69152,0.7087,0.74218,0.5136,1.08058,1.30244,1.57038,0.00036654,0.00036654,0.00036654
396,1578.02,0.37406,0.30127,0.89416,0.68678,0.69358,0.73374,0.50646,1.05299,1.29473,1.56855,0.000363239,0.000363239,0.000363239
397,1582.01,0.35062,0.26147,0.87175,0.70535,0.69792,0.73831,0.51382,1.05616,1.29256,1.559,0.000359939,0.000359939,0.000359939
398,1586.8,0.37624,0.31338,0.87596,0.64017,0.71726,0.71178,0.49856,1.07086,1.30074,1.54772,0.000356638,0.000356638,0.000356638
399,1590.61,0.32475,0.24142,0.8711,0.64319,0.72399,0.70387,0.47587,1.08759,1.3615,1.57645,0.000353337,0.000353337,0.000353337
400,1594.77,0.33518,0.27493,0.88494,0.61228,0.82762,0.76051,0.51643,1.09201,1.33658,1.58999,0.000350037,0.000350037,0.000350037
401,1598.22,0.38358,0.29967,0.90413,0.63097,0.8628,0.77259,0.53602,1.08648,1.30713,1.57919,0.000346736,0.000346736,0.000346736
402,1601.87,0.31342,0.24923,0.86645,0.63354,0.85417,0.76971,0.53188,1.09309,1.32265,1.59809,0.000343435,0.000343435,0.000343435
403,1605.68,0.34207,0.28735,0.87567,0.62732,0.80187,0.75591,0.52767,1.1178,1.35978,1.63752,0.000340135,0.000340135,0.000340135
404,1610.18,0.33767,0.26343,0.86854,0.63181,0.74624,0.71083,0.49645,1.14138,1.3784,1.6395,0.000336834,0.000336834,0.000336834
405,1613.89,0.32074,0.24588,0.85497,0.64004,0.81448,0.72573,0.50183,1.10979,1.28992,1.61333,0.000333533,0.000333533,0.000333533
406,1617.66,0.3453,0.25233,0.88254,0.62971,0.81577,0.71971,0.49974,1.09383,1.3007,1.57828,0.000330233,0.000330233,0.000330233
407,1622.2,0.35849,0.31663,0.8842,0.66218,0.73958,0.69606,0.48575,1.09656,1.31229,1.56931,0.000326932,0.000326932,0.000326932
408,1626.08,0.34561,0.28707,0.86519,0.65123,0.77984,0.70268,0.48159,1.07692,1.25331,1.56959,0.000323631,0.000323631,0.000323631
409,1629.87,0.35059,0.27108,0.88423,0.67159,0.77322,0.69879,0.48858,1.06378,1.20634,1.56027,0.000320331,0.000320331,0.000320331
410,1634.36,0.30985,0.26434,0.87765,0.69727,0.72404,0.72663,0.51378,1.07035,1.2735,1.55536,0.00031703,0.00031703,0.00031703
411,1638.56,0.34629,0.27077,0.87287,0.62207,0.83333,0.75576,0.52321,1.09306,1.32091,1.58024,0.000313729,0.000313729,0.000313729
412,1642.2,0.34585,0.2488,0.89638,0.67885,0.7904,0.78897,0.53837,1.12515,1.37288,1.61096,0.000310429,0.000310429,0.000310429
413,1645.99,0.35202,0.26655,0.88398,0.66699,0.75488,0.79256,0.53207,1.12693,1.38994,1.60531,0.000307128,0.000307128,0.000307128
414,1650.53,0.33451,0.27246,0.89175,0.63667,0.82417,0.78086,0.52091,1.15368,1.41088,1.61697,0.000303827,0.000303827,0.000303827
415,1654.07,0.30809,0.24407,0.85796,0.64185,0.83008,0.77744,0.52128,1.1538,1.41117,1.62396,0.000300527,0.000300527,0.000300527
416,1658.04,0.33124,0.25372,0.88,0.68451,0.74339,0.7519,0.51004,1.14568,1.46095,1.62072,0.000297226,0.000297226,0.000297226
417,1662.05,0.29806,0.25215,0.85452,0.65237,0.7462,0.73675,0.50109,1.14559,1.49676,1.61952,0.000293925,0.000293925,0.000293925
418,1666.56,0.31288,0.25843,0.85087,0.68044,0.73315,0.72046,0.49445,1.11982,1.46439,1.58838,0.000290625,0.000290625,0.000290625
419,1670.46,0.34351,0.27777,0.88085,0.67182,0.72754,0.70811,0.48303,1.12397,1.4885,1.59574,0.000287324,0.000287324,0.000287324
420,1674.21,0.29156,0.22462,0.8482,0.61034,0.82527,0.76049,0.51696,1.14166,1.51941,1.63071,0.000284023,0.000284023,0.000284023
421,1678.75,0.31439,0.26663,0.87433,0.66404,0.75,0.78303,0.55095,1.1229,1.42148,1.61913,0.000280723,0.000280723,0.000280723
422,1682.55,0.30892,0.23868,0.8527,0.63012,0.78878,0.72941,0.5176,1.13789,1.40188,1.62641,0.000277422,0.000277422,0.000277422
423,1686.05,0.30419,0.24684,0.85062,0.59154,0.77083,0.70213,0.49263,1.14388,1.46949,1.61938,0.000274121,0.000274121,0.000274121
424,1690.75,0.31494,0.2465,0.86665,0.61847,0.78411,0.69552,0.48884,1.14103,1.49555,1.61445,0.000270821,0.000270821,0.000270821
425,1694.65,0.33342,0.26906,0.88375,0.63135,0.79154,0.71938,0.50196,1.10926,1.49856,1.58673,0.00026752,0.00026752,0.00026752
426,1698.3,0.32631,0.26603,0.8674,0.61559,0.76722,0.71031,0.50315,1.07455,1.49013,1.57288,0.00026422,0.00026422,0.00026422
427,1702.53,0.31397,0.25664,0.86318,0.59622,0.77989,0.7175,0.50017,1.09584,1.56076,1.58906,0.000260919,0.000260919,0.000260919
428,1707.34,0.31107,0.22278,0.86913,0.60686,0.8125,0.73234,0.51188,1.11325,1.64991,1.59474,0.000257618,0.000257618,0.000257618
429,1710.84,0.29105,0.23892,0.85615,0.6056,0.80108,0.73588,0.51614,1.12362,1.66525,1.6007,0.000254318,0.000254318,0.000254318
430,1714.6,0.302,0.26296,0.85467,0.60082,0.76042,0.7345,0.50606,1.13382,1.68898,1.62142,0.000251017,0.000251017,0.000251017
431,1718.74,0.31215,0.25329,0.86897,0.61322,0.77022,0.74683,0.51579,1.13298,1.71043,1.62359,0.000247716,0.000247716,0.000247716
432,1723.16,0.29706,0.23061,0.86099,0.59889,0.76218,0.73058,0.50843,1.11489,1.71328,1.59557,0.000244416,0.000244416,0.000244416
433,1726.67,0.32704,0.26188,0.86268,0.59631,0.76097,0.72555,0.50944,1.0839,1.73832,1.56961,0.000241115,0.000241115,0.000241115
434,1730.56,0.33946,0.27539,0.87924,0.6164,0.79145,0.73717,0.51075,1.06093,1.72651,1.55451,0.000237814,0.000237814,0.000237814
435,1735.13,0.31098,0.27184,0.86062,0.61017,0.79093,0.73713,0.51472,1.06072,1.74116,1.54967,0.000234514,0.000234514,0.000234514
436,1738.72,0.33987,0.27334,0.88912,0.47096,0.97917,0.70757,0.50286,1.05954,1.74715,1.5071,0.000231213,0.000231213,0.000231213
437,1742.29,0.31501,0.24788,0.87095,0.46653,0.97917,0.70113,0.49615,1.06733,1.7729,1.50478,0.000227912,0.000227912,0.000227912
438,1746.68,0.31006,0.24698,0.85689,0.55583,0.8834,0.69349,0.49259,1.05599,1.86502,1.51923,0.000224612,0.000224612,0.000224612
439,1750.68,0.31105,0.24731,0.88503,0.5618,0.83646,0.70596,0.50209,1.05647,1.89261,1.53243,0.000221311,0.000221311,0.000221311
440,1754.38,0.32342,0.26586,0.87425,0.60111,0.82292,0.70787,0.51419,1.07051,1.92835,1.5228,0.00021801,0.00021801,0.00021801
441,1757.92,0.30409,0.23753,0.85595,0.57214,0.75,0.69163,0.49467,1.07758,1.95113,1.5112,0.00021471,0.00021471,0.00021471
442,1762.64,0.29331,0.22582,0.85227,0.58767,0.72917,0.68876,0.49516,1.06541,1.91414,1.52758,0.000211409,0.000211409,0.000211409
443,1766.21,0.29707,0.24379,0.87146,0.59242,0.75571,0.70803,0.51484,1.04311,1.8068,1.52661,0.000208108,0.000208108,0.000208108
444,1769.95,0.32503,0.26461,0.86306,0.58619,0.75,0.72193,0.52454,1.03242,1.69811,1.51874,0.000204808,0.000204808,0.000204808
445,1774.09,0.308,0.22554,0.85793,0.59465,0.75,0.72712,0.52379,1.03426,1.64846,1.53092,0.000201507,0.000201507,0.000201507
446,1778.83,0.29307,0.23803,0.86338,0.57869,0.71272,0.71076,0.51133,1.04505,1.63493,1.53998,0.000198206,0.000198206,0.000198206
447,1782.38,0.29382,0.23975,0.8526,0.58869,0.74526,0.71153,0.51314,1.05909,1.65668,1.53999,0.000194906,0.000194906,0.000194906
448,1785.97,0.30963,0.24885,0.86489,0.58321,0.75136,0.70345,0.50946,1.05154,1.62023,1.52276,0.000191605,0.000191605,0.000191605
449,1790.8,0.26887,0.22551,0.84727,0.59704,0.77426,0.71289,0.51951,1.04126,1.58368,1.51571,0.000188304,0.000188304,0.000188304
450,1794.61,0.30836,0.24868,0.85791,0.59039,0.77083,0.7107,0.51614,1.01761,1.57196,1.51474,0.000185004,0.000185004,0.000185004
451,1798.22,0.31443,0.25206,0.85611,0.59955,0.7673,0.69693,0.51178,1.01718,1.58368,1.51638,0.000181703,0.000181703,0.000181703
452,1802.7,0.29129,0.22538,0.85226,0.59656,0.76281,0.70979,0.52252,1.03554,1.58594,1.52024,0.000178402,0.000178402,0.000178402
453,1806.76,0.30248,0.23505,0.86109,0.60597,0.70166,0.69843,0.50774,1.04265,1.58646,1.53002,0.000175102,0.000175102,0.000175102
454,1810.53,0.29126,0.21899,0.86582,0.62797,0.70603,0.70427,0.51379,1.04726,1.53335,1.53689,0.000171801,0.000171801,0.000171801
455,1814.39,0.28721,0.21779,0.86219,0.59785,0.75,0.71531,0.52131,1.03796,1.53724,1.52844,0.0001685,0.0001685,0.0001685
456,1819.21,0.28826,0.23295,0.84616,0.60863,0.78125,0.73588,0.54006,1.04874,1.58537,1.54499,0.0001652,0.0001652,0.0001652
457,1822.64,0.28257,0.22411,0.85955,0.60407,0.78125,0.73199,0.53168,1.05839,1.5993,1.54721,0.000161899,0.000161899,0.000161899
458,1826.4,0.31467,0.24787,0.86533,0.59078,0.77578,0.72238,0.52155,1.08358,1.60378,1.56371,0.000158598,0.000158598,0.000158598
459,1830.62,0.29678,0.22722,0.86763,0.58547,0.77645,0.7086,0.5151,1.08257,1.62137,1.55221,0.000155298,0.000155298,0.000155298
460,1835.31,0.30149,0.23328,0.8615,0.59369,0.77803,0.71323,0.51682,1.06314,1.6687,1.54454,0.000151997,0.000151997,0.000151997
461,1838.91,0.30863,0.23126,0.86368,0.60533,0.77891,0.71894,0.51592,1.06064,1.68487,1.55175,0.000148696,0.000148696,0.000148696
462,1843.35,0.25347,0.18895,0.85182,0.60284,0.78776,0.71234,0.51179,1.0613,1.67269,1.57053,0.000145396,0.000145396,0.000145396
463,1847.6,0.29812,0.23413,0.87229,0.61702,0.78309,0.72673,0.52387,1.05451,1.6488,1.5665,0.000142095,0.000142095,0.000142095
464,1851.5,0.28576,0.22536,0.84539,0.60659,0.77763,0.7423,0.52877,1.03561,1.63851,1.54607,0.000138794,0.000138794,0.000138794
465,1854.71,0.3136,0.2512,0.88654,0.60782,0.77905,0.74405,0.52589,1.02602,1.6068,1.54557,0.000135494,0.000135494,0.000135494
466,1859.4,0.30651,0.23671,0.8794,0.61555,0.78292,0.76355,0.54793,1.0371,1.56853,1.55435,0.000132193,0.000132193,0.000132193
467,1863.19,0.29406,0.24348,0.87229,0.59627,0.79175,0.75862,0.54971,1.04728,1.55379,1.55979,0.000128892,0.000128892,0.000128892
468,1867.26,0.26356,0.21525,0.84283,0.58191,0.78125,0.74002,0.53723,1.06703,1.56146,1.56616,0.000125592,0.000125592,0.000125592
469,1870.61,0.29271,0.22432,0.85659,0.624,0.74907,0.73266,0.53469,1.07848,1.56143,1.57582,0.000122291,0.000122291,0.000122291
470,1875.86,0.30683,0.22483,0.86638,0.58399,0.75271,0.69865,0.51737,1.07254,1.53672,1.57587,0.00011899,0.00011899,0.00011899
471,1879.37,0.31498,0.24919,0.87644,0.58672,0.76217,0.68891,0.50816,1.07188,1.5234,1.57675,0.00011569,0.00011569,0.00011569
472,1882.86,0.28397,0.22329,0.86333,0.58083,0.73354,0.67274,0.49115,1.06295,1.52949,1.58185,0.000112389,0.000112389,0.000112389
473,1886.79,0.25758,0.22382,0.85163,0.60011,0.76524,0.67246,0.49232,1.05783,1.52666,1.57739,0.000109088,0.000109088,0.000109088
474,1891.27,0.28948,0.24837,0.86494,0.60756,0.7418,0.7117,0.51382,1.04755,1.56153,1.56724,0.000105788,0.000105788,0.000105788
475,1894.87,0.29289,0.24075,0.86543,0.62202,0.73943,0.72746,0.52339,1.04761,1.55361,1.56826,0.000102487,0.000102487,0.000102487
476,1898.79,0.30383,0.23899,0.87139,0.61349,0.80208,0.73135,0.53009,1.05717,1.47631,1.58458,9.91865e-05,9.91865e-05,9.91865e-05
477,1903.48,0.30138,0.22895,0.86627,0.609,0.80208,0.73805,0.53099,1.06187,1.4526,1.58918,9.58858e-05,9.58858e-05,9.58858e-05
478,1907.62,0.30097,0.22411,0.86162,0.6083,0.7765,0.73902,0.5281,1.07791,1.47415,1.59892,9.25852e-05,9.25852e-05,9.25852e-05
479,1911.15,0.27803,0.2249,0.86056,0.6045,0.76845,0.73977,0.52531,1.08499,1.48844,1.60502,8.92845e-05,8.92845e-05,8.92845e-05
480,1916.17,0.27959,0.22464,0.88077,0.61441,0.76876,0.74701,0.53006,1.08809,1.51524,1.60944,8.59839e-05,8.59839e-05,8.59839e-05
481,1919.68,0.27819,0.21823,0.84245,0.6173,0.76924,0.74449,0.523,1.08933,1.53176,1.60042,8.26832e-05,8.26832e-05,8.26832e-05
482,1923.41,0.26057,0.19578,0.83569,0.60081,0.77738,0.73524,0.5202,1.09111,1.5556,1.60354,7.93825e-05,7.93825e-05,7.93825e-05
483,1927.25,0.28791,0.22378,0.86108,0.59332,0.77272,0.72082,0.5112,1.08854,1.56912,1.59696,7.60819e-05,7.60819e-05,7.60819e-05
484,1932.15,0.29857,0.2228,0.86317,0.61553,0.7508,0.72384,0.51523,1.08813,1.56889,1.59918,7.27812e-05,7.27812e-05,7.27812e-05
485,1935.57,0.25792,0.20997,0.85269,0.59748,0.77267,0.72384,0.51831,1.08387,1.57724,1.59387,6.94806e-05,6.94806e-05,6.94806e-05
486,1939.24,0.26685,0.22502,0.85935,0.61513,0.77746,0.72005,0.51305,1.08094,1.59144,1.5887,6.61799e-05,6.61799e-05,6.61799e-05
487,1943.81,0.25973,0.21198,0.85831,0.62441,0.77926,0.72088,0.51539,1.07754,1.59094,1.582,6.28792e-05,6.28792e-05,6.28792e-05
488,1947.89,0.27996,0.22667,0.86497,0.62491,0.78058,0.72148,0.51727,1.07804,1.58435,1.58926,5.95786e-05,5.95786e-05,5.95786e-05
489,1951.55,0.26259,0.21013,0.85869,0.6219,0.77719,0.71962,0.51885,1.07836,1.58361,1.58932,5.62779e-05,5.62779e-05,5.62779e-05
490,1955.58,0.2738,0.2213,0.83741,0.62375,0.77676,0.72209,0.51473,1.08387,1.58178,1.59683,5.29773e-05,5.29773e-05,5.29773e-05
491,1964.22,0.19675,0.14946,0.81167,0.61873,0.77655,0.72766,0.5175,1.08531,1.58021,1.59548,4.96766e-05,4.96766e-05,4.96766e-05
492,1968.04,0.17734,0.14547,0.78151,0.61729,0.77345,0.7117,0.50481,1.08788,1.57573,1.58901,4.63759e-05,4.63759e-05,4.63759e-05
493,1972.78,0.18462,0.1452,0.7986,0.61768,0.76935,0.72106,0.51254,1.09217,1.56704,1.58823,4.30753e-05,4.30753e-05,4.30753e-05
494,1976.48,0.1981,0.14696,0.78602,0.62913,0.7782,0.72536,0.51867,1.10522,1.5643,1.59417,3.97746e-05,3.97746e-05,3.97746e-05
495,1980.13,0.18613,0.14136,0.78769,0.64084,0.77909,0.73647,0.52619,1.10518,1.56784,1.59436,3.6474e-05,3.6474e-05,3.6474e-05
496,1986.1,0.17812,0.13772,0.79067,0.66216,0.78816,0.7419,0.53075,1.1058,1.59389,1.60075,3.31733e-05,3.31733e-05,3.31733e-05
497,1989.61,0.18881,0.15194,0.79002,0.66112,0.78859,0.7527,0.53751,1.10194,1.58321,1.60034,2.98726e-05,2.98726e-05,2.98726e-05
498,1993.05,0.16456,0.12981,0.7875,0.64617,0.75732,0.7508,0.53248,1.09599,1.57693,1.59947,2.6572e-05,2.6572e-05,2.6572e-05
499,1996.49,0.17647,0.13584,0.77604,0.64985,0.77462,0.75216,0.53358,1.09619,1.57978,1.60216,2.32713e-05,2.32713e-05,2.32713e-05
500,2000.71,0.16891,0.13151,0.7805,0.65155,0.75785,0.75145,0.53567,1.09584,1.59316,1.60587,1.99707e-05,1.99707e-05,1.99707e-05
